"athleteName","clubName","countryName"
"Nikita Haikin","Chelsea F.C.","Israel"
"Luke Freeman","Arsenal F.C.","United Kingdom"
"Fraser Franks","Chelsea F.C.","United Kingdom"
"Fred Williams (footballer, born 1873)","Manchester United F.C.","United Kingdom"
"Alex Menzies (footballer, born 1882)","Manchester United F.C.","United Kingdom"
"Allan Craig","Chelsea F.C.","Scotland"
"Ken Nicholas","Arsenal F.C.","United Kingdom"
"Albert Jackson (footballer)","Manchester United F.C.","United Kingdom"
"Martin Moran (footballer)","Chelsea F.C.","Scotland"
"Jimmy Dyer","Manchester United F.C.","United Kingdom"
"Jimmy Croal","Chelsea F.C.","United Kingdom"
"Wally Bellett","Chelsea F.C.","United Kingdom"
"Florent Malouda","Chelsea F.C.","France"
"Eddie Colman","Manchester United F.C.","United Kingdom"
"Papy Djilobodji","Chelsea F.C.","Senegal"
"Jackie Scott","Manchester United F.C.","United Kingdom"
"Isaac Tomlinson","Arsenal F.C.","United Kingdom"
"Richard Goddard-Crawley","Arsenal F.C.","United Kingdom"
"Keil O'Brien","Manchester United F.C.","United Kingdom"
"John Priestley (footballer)","Chelsea F.C.","Scotland"
"Noah Abrams","Arsenal F.C.","United Kingdom"
"Andreas Christensen","Chelsea F.C.","Denmark"
"Cristhian Mosquera","Arsenal F.C.","Spain"
"Ainsley Maitland-Niles","Arsenal F.C.","United Kingdom"
"Alejandro Garnacho","Manchester United F.C.","Spain"
"Gabriel Martinelli","Arsenal F.C.","Brazil"
"Ismaël Bennacer","Arsenal F.C.","France"
"Jakub Kiwior","Arsenal F.C.","Poland"
"Marc Bola","Arsenal F.C.","United Kingdom"
"Kevin De Bruyne","Chelsea F.C.","Belgium"
"João Pedro (footballer, born 2001)","Chelsea F.C.","Brazil"
"Lucas Bergström","Chelsea F.C.","Finland"
"Levi Colwill","Chelsea F.C.","United Kingdom"
"Liam Delap","Chelsea F.C.","United Kingdom"
"Mattéo Guendouzi","Arsenal F.C.","France"
"Nicolas Jackson","Chelsea F.C.","The Gambia"
"Reggie Walsh","Chelsea F.C.","United Kingdom"
"Tariq Lamptey","Chelsea F.C.","United Kingdom"
"Andy Linighan","Arsenal F.C.","United Kingdom"
"Lucas Piazon","Chelsea F.C.","Brazil"
"Fraizer Campbell","Manchester United F.C.","United Kingdom"
"Jimmy Davis (footballer)","Manchester United F.C.","England"
"Herbert Birchenough","Manchester United F.C.","United Kingdom"
"Vic Groves","Arsenal F.C.","United Kingdom"
"William Robertson (footballer, born 1907)","Manchester United F.C.","United Kingdom"
"Alan Cocks","Chelsea F.C.","United Kingdom"
"Billy Gee","Chelsea F.C.","United Kingdom"
"Dion Rankine","Chelsea F.C.","United Kingdom"
"Harrison Ashby","Chelsea F.C.","United Kingdom"
"Jeff Reine-Adélaïde","Arsenal F.C.","France"
"Joe Riley (footballer, born 1996)","Manchester United F.C.","United Kingdom"
"Kyle Scott","Chelsea F.C.","United Kingdom"
"Michael Golding (footballer)","Chelsea F.C.","United Kingdom"
"Ola Aina","Chelsea F.C.","United Kingdom"
"Thomas Partey","Arsenal F.C.","Ghana"
"Thierno Ballo","Chelsea F.C.","Ivory Coast"
"Tim Akinola","Arsenal F.C.","Nigeria"
"Willy Kambwala","Manchester United F.C.","Democratic Republic of the Congo"
"Xavier Simons","Chelsea F.C.","United Kingdom"
"Zidane Iqbal","Manchester United F.C.","United Kingdom"
"Bradley Ibrahim","Arsenal F.C.","United Kingdom"
"Donald Love","Manchester United F.C.","United Kingdom"
"Zech Medley","Chelsea F.C.","United Kingdom"
"George Best","Manchester United F.C.","United Kingdom"
"Edinson Cavani","Manchester United F.C.","Uruguay"
"Sergio Romero","Manchester United F.C.","Argentina"
"Nemanja Vidić","Manchester United F.C.","Serbia"
"Bjarne Goldbæk","Chelsea F.C.","Danish Realm"
"Nick Colgan","Chelsea F.C.","Republic of Ireland"
"Junior Mendes","Chelsea F.C.","United Kingdom"
"Lennard Sowah","Arsenal F.C.","Germany"
"Beaumont Asquith","Manchester United F.C.","England"
"John Grimwood","Manchester United F.C.","United Kingdom"
"Colin Hoyle","Arsenal F.C.","United Kingdom"
"Colin Waldron","Manchester United F.C.","United Kingdom"
"Johnny Downie","Manchester United F.C.","United Kingdom"
"Ian Moir (footballer)","Manchester United F.C.","United Kingdom"
"Joe Hanrahan","Manchester United F.C.","Republic of Ireland"
"Joe Fall","Manchester United F.C.","United Kingdom"
"John Christie (footballer, born 1881)","Manchester United F.C.","United Kingdom"
"Sid Tickridge","Chelsea F.C.","United Kingdom"
"Laurence Abrams","Chelsea F.C.","United Kingdom"
"Thomas Drain","Arsenal F.C.","Scotland"
"Theo Lewis","Chelsea F.C.","United Kingdom"
"Chris Regis","Arsenal F.C.","United Kingdom"
"George Luke (footballer, born 1948)","Chelsea F.C.","United Kingdom"
"Mark Howard (footballer, born January 1986)","Manchester United F.C.","United Kingdom"
"John Anderson (footballer, born 1878)","Arsenal F.C.","United Kingdom"
"Petar Borota","Chelsea F.C.","Serbia"
"Adam Coombes","Chelsea F.C.","United Kingdom"
"José Antonio Reyes","Arsenal F.C.","Spain"
"Steve Sidwell","Chelsea F.C.","United Kingdom"
"Harold Halse","Manchester United F.C.","United Kingdom"
"Russell Beardsmore","Manchester United F.C.","United Kingdom"
"Kalam Mooniaruck","Manchester United F.C.","United Kingdom"
"Fred Hopkin","Manchester United F.C.","United Kingdom"
"Joe Murphy (footballer, born 1873)","Arsenal F.C.","United Kingdom"
"Ralph Birkett","Arsenal F.C.","United Kingdom"
"Bill Allison (footballer)","Arsenal F.C.","United Kingdom"
"Carney Chukwuemeka","Chelsea F.C.","Austria"
"Arjen Robben","Chelsea F.C.","Netherlands"
"Antonio Valencia","Manchester United F.C.","Ecuador"
"Mikaël Silvestre","Arsenal F.C.","France"
"Tony Dorigo","Chelsea F.C.","Australia"
"Ramón Hicks","Manchester United F.C.","Paraguay"
"Caesar Jenkyns","Arsenal F.C.","United Kingdom"
"Rhys Weston","Arsenal F.C.","United Kingdom"
"Andy Duncan (footballer, born 1977)","Manchester United F.C.","United Kingdom"
"Andy Walker (footballer, born 1891)","Chelsea F.C.","United Kingdom"
"Darren Wood","Chelsea F.C.","United Kingdom"
"Ian Gillibrand","Arsenal F.C.","United Kingdom"
"Tom Walley","Arsenal F.C.","United Kingdom"
"Peter Jones (footballer, born 1937)","Manchester United F.C.","United Kingdom"
"Tony Gill","Manchester United F.C.","United Kingdom"
"Tony Young (footballer)","Manchester United F.C.","United Kingdom"
"Tom Davies (footballer, born 1992)","Manchester United F.C.","United Kingdom"
"Willis Rippon","Arsenal F.C.","United Kingdom"
"David James (footballer, born 1917)","Chelsea F.C.","United Kingdom"
"Arthur Kempton","Arsenal F.C.","United Kingdom"
"Greg Allen (footballer)","Arsenal F.C.","United Kingdom"
"Manolis Kragiopoulos","Arsenal F.C.","Greece"
"Paul Jones (footballer, born September 1953)","Manchester United F.C.","United Kingdom"
"Adrian Doherty","Manchester United F.C.","United Kingdom"
"Gervinho","Arsenal F.C.","Ivory Coast"
"Omar Rekik","Arsenal F.C.","Netherlands"
"Mateja Kežman","Chelsea F.C.","Serbia"
"Shola Shoretire","Manchester United F.C.","United Kingdom"
"Morten Nielsen (footballer, born 1990)","Chelsea F.C.","Danish Realm"
"Ray Baartz","Manchester United F.C.","Australia"
"Jacob Carney","Manchester United F.C.","United Kingdom"
"Graham Stack (footballer)","Arsenal F.C.","United Kingdom"
"Danny Clapton","Arsenal F.C.","United Kingdom"
"Charles Lewis (footballer)","Arsenal F.C.","United Kingdom"
"Jock Robson","Arsenal F.C.","United Kingdom"
"Benny Jones","Chelsea F.C.","United Kingdom"
"Bill Routledge","Chelsea F.C.","United Kingdom"
"Charlie Richards","Manchester United F.C.","United Kingdom"
"Charles Mackie (Scottish footballer)","Manchester United F.C.","United Kingdom"
"George Henderson (footballer, born 1880)","Chelsea F.C.","United Kingdom"
"George Hunt (footballer, born 1910)","Arsenal F.C.","United Kingdom"
"George Haslam (footballer)","Manchester United F.C.","United Kingdom"
"Sandy Main","Arsenal F.C.","United Kingdom"
"George Lake (footballer)","Chelsea F.C.","United Kingdom"
"Frank Boulton (footballer)","Arsenal F.C.","United Kingdom"
"Jonathan Dinzeyi","Arsenal F.C.","United Kingdom"
"Jimmy Smith (footballer, born 1987)","Chelsea F.C.","United Kingdom"
"Perry Groves","Arsenal F.C.","United Kingdom"
"Gavin Peacock","Chelsea F.C.","United Kingdom"
"Arthur Worrall","Arsenal F.C.","United Kingdom"
"Pat Baldwin (footballer)","Chelsea F.C.","City status in the United Kingdom"
"Steve Livingstone","Chelsea F.C.","United Kingdom"
"Ernie Ackerley","Manchester United F.C.","United Kingdom"
"George Adams (footballer, born 1947)","Chelsea F.C.","United Kingdom"
"Innes Ritchie","Chelsea F.C.","United Kingdom"
"Craig Dean (footballer)","Manchester United F.C.","United Kingdom"
"Jock Caldwell","Arsenal F.C.","Scotland"
"Matty Willock","Manchester United F.C.","United Kingdom"
"Jackie Blanchflower","Manchester United F.C.","United Kingdom"
"Neto (footballer, born 1989)","Arsenal F.C.","Brazil"
"Phil Bardsley","Manchester United F.C.","United Kingdom"
"Alex Oxlade-Chamberlain","Arsenal F.C.","United Kingdom"
"Dylan Levitt","Manchester United F.C.","United Kingdom"
"Rafael (footballer, born 1990)","Manchester United F.C.","Brazil"
"Ricardo Quaresma","Chelsea F.C.","Portugal"
"Alex Forsyth (footballer, born 1952)","Manchester United F.C.","United Kingdom"
"Stan Willemse","Chelsea F.C.","United Kingdom"
"Noel O'Brien (footballer, born 1956)","Arsenal F.C.","United Kingdom"
"Tyreece John-Jules","Arsenal F.C.","United Kingdom"
"Frank Leboeuf","Chelsea F.C.","France"
"Danny Galbraith","Manchester United F.C.","United Kingdom"
"Guy Demel","Arsenal F.C.","France"
"Jim Leighton","Manchester United F.C.","Scotland"
"Alexis Nicolas","Chelsea F.C.","United Kingdom"
"Carlin Itonga","Arsenal F.C.","Democratic Republic of the Congo"
"Carl Dale","Arsenal F.C.","United Kingdom"
"Len Allum","Chelsea F.C.","United Kingdom"
"Albert Ross (footballer)","Arsenal F.C.","United Kingdom"
"Gary Bailey","Manchester United F.C.","United Kingdom"
"John Connelly (footballer, born 1938)","Manchester United F.C.","United Kingdom"
"Franco Di Santo","Chelsea F.C.","Argentina"
"Jim Holton","Manchester United F.C.","Scotland"
"Alf Common","Arsenal F.C.","United Kingdom"
"Bob Donaldson","Manchester United F.C.","Scotland"
"Kian Best","Chelsea F.C.","United Kingdom"
"Gordon Davies (footballer, born 1955)","Chelsea F.C.","United Kingdom"
"Henry Boyd (footballer)","Manchester United F.C.","United Kingdom"
"Norrie Davidson","Chelsea F.C.","Scotland"
"Krystal Parker","Manchester United F.C.","United Kingdom"
"Lindsay McKeown","Manchester United F.C.","United Kingdom"
"Kostas Pileas","Arsenal F.C.","Cyprus"
"Fran Mérida","Arsenal F.C.","Spain"
"Ritchie De Laet","Manchester United F.C.","Belgium"
"Ray Parlour","Arsenal F.C.","United Kingdom"
"Derek Kevan","Chelsea F.C.","United Kingdom"
"George Male","Arsenal F.C.","United Kingdom"
"Billy Hughes (footballer, born 1918)","Chelsea F.C.","United Kingdom"
"Billy Goodwin","Manchester United F.C.","United Kingdom"
"Bob Turnbull","Chelsea F.C.","Scotland"
"Billy Woodward (footballer)","Manchester United F.C.","United Kingdom"
"Bob McFarlane (footballer, died 1898)","Manchester United F.C.","Scotland"
"Brian Chambers (footballer)","Arsenal F.C.","United Kingdom"
"Jimmy Kelly (footballer, born 1957)","Manchester United F.C.","United Kingdom"
"Nathan Blake","Chelsea F.C.","United Kingdom"
"Reg Chester","Manchester United F.C.","United Kingdom"
"Luke Webb","Arsenal F.C.","United Kingdom"
"Stuart Brightwell","Manchester United F.C.","United Kingdom"
"Sean McAllister (footballer, born 1987)","Manchester United F.C.","United Kingdom"
"Joe Heath","Manchester United F.C.","United Kingdom"
"Ron Ferrier","Manchester United F.C.","United Kingdom"
"Roy Killin","Manchester United F.C.","Canada"
"William Bradshaw (footballer)","Arsenal F.C.","England"
"William Campbell (footballer)","Arsenal F.C.","Scotland"
"Joe Clare","Arsenal F.C.","United Kingdom"
"Lee Butcher","Arsenal F.C.","United Kingdom"
"James Boyle (footballer, born 1866)","Arsenal F.C.","United Kingdom"
"Martin Graiciar","Arsenal F.C.","Czech Republic"
"Allen Scotting","Arsenal F.C.","United Kingdom"
"Harry Morris (footballer, born 1900)","Manchester United F.C.","United Kingdom"
"Alan Hudson","Arsenal F.C.","United Kingdom"
"John Prentice (footballer, born 1898)","Manchester United F.C.","United Kingdom"
"Fred Lewis (footballer, born 1923)","Chelsea F.C.","United Kingdom"
"Tosan Popo","Chelsea F.C.","United Kingdom"
"Hubert Graczyk","Arsenal F.C.","Poland"
"Arthur Sales (footballer, born 1900)","Chelsea F.C.","United Kingdom"
"Matej Delač","Chelsea F.C.","Bosnia and Herzegovina"
"Paul Elliott (footballer)","Chelsea F.C.","United Kingdom"
"Ben Smith (footballer, born 1978)","Arsenal F.C.","United Kingdom"
"Philip Smith (footballer, born 1885)","Chelsea F.C.","United Kingdom"
"John Russell (footballer, born 1872)","Arsenal F.C.","United Kingdom"
"Joe McIntyre (footballer)","Manchester United F.C.","United Kingdom"
"Fred Milnes","Manchester United F.C.","United Kingdom"
"James Gotheridge","Manchester United F.C.","United Kingdom"
"Jackie Wassall","Manchester United F.C.","United Kingdom"
"Bacary Sagna","Arsenal F.C.","France"
"Samir Nasri","Arsenal F.C.","France"
"Danilo Pantić","Chelsea F.C.","Serbia"
"Adrian Clarke (footballer)","Arsenal F.C.","United Kingdom"
"Brian Nicholas","Chelsea F.C.","United Kingdom"
"Stephen Cooke","Manchester United F.C.","United Kingdom"
"Joe Powell (footballer, born 1870)","Arsenal F.C.","United Kingdom"
"Alec Donald","Chelsea F.C.","United Kingdom"
"Alec Gaskell","Manchester United F.C.","United Kingdom"
"Andie Newton","Manchester United F.C.","United Kingdom"
"Paul Edwards (footballer, born 1947)","Manchester United F.C.","United Kingdom"
"Dennis Evans (footballer, born 1930)","Arsenal F.C.","England"
"Jim Furnell","Arsenal F.C.","United Kingdom"
"George Kennedy (Scottish footballer)","Chelsea F.C.","United Kingdom"
"Des McLean (footballer)","Arsenal F.C.","United Kingdom"
"Reg Boreham","Arsenal F.C.","United Kingdom"
"Benoît Badiashile","Chelsea F.C.","France"
"Enzo Fernández","Chelsea F.C.","Argentina"
"Henrikh Mkhitaryan","Arsenal F.C.","Armenia"
"Ethan Nwaneri","Arsenal F.C.","United Kingdom"
"David de Gea","Manchester United F.C.","Spain"
"Max Dowman","Arsenal F.C.","United Kingdom"
"Álvaro Carreras","Manchester United F.C.","Spain"
"Tyrique George","Chelsea F.C.","United Kingdom"
"Febian Brandy","Manchester United F.C.","United Kingdom"
"Andy King (footballer, born 1988)","Chelsea F.C.","United Kingdom"
"Oriol Romeu","Chelsea F.C.","Spain"
"Radamel Falcao","Manchester United F.C.","Colombia"
"N'Golo Kanté","Chelsea F.C.","France"
"Marco van Ginkel","Chelsea F.C.","Netherlands"
"Kyle Ebecilio","Arsenal F.C.","Netherlands"
"Pierre Issa","Chelsea F.C.","South Africa"
"Moses Barnett","Arsenal F.C.","Sierra Leone"
"Mickey Hamill","Manchester United F.C.","United Kingdom"
"Yves Ma-Kalambay","Chelsea F.C.","Belgium"
"Chris Willock","Arsenal F.C.","United Kingdom"
"Donyell Malen","Arsenal F.C.","Netherlands"
"Dion Conroy","Chelsea F.C.","United Kingdom"
"Dan Gore","Manchester United F.C.","United Kingdom"
"Dean Henderson","Manchester United F.C.","United Kingdom"
"George McEachran","Chelsea F.C.","United Kingdom"
"Joseph Olowu","Arsenal F.C.","Nigeria"
"John Swift (footballer, born 1995)","Chelsea F.C.","United Kingdom"
"James Nolan (footballer)","Manchester United F.C.","United Kingdom"
"Kieran Tierney","Arsenal F.C.","United Kingdom"
"Lee Grant (footballer, born 1983)","Manchester United F.C.","United Kingdom"
"Luke Ayling","Arsenal F.C.","United Kingdom"
"Nathan Moriah-Welsh","Chelsea F.C.","United Kingdom"
"Robbie Brady","Manchester United F.C.","Republic of Ireland"
"Robbie Savage","Manchester United F.C.","United Kingdom"
"Semi Ajayi","Arsenal F.C.","United Kingdom"
"Toby Collyer","Manchester United F.C.","United Kingdom"
"Tahith Chong","Manchester United F.C.","Kingdom of the Netherlands"
"Łukasz Fabiański","Arsenal F.C.","Poland"
"Victor Lindelöf","Manchester United F.C.","Sweden"
"Zak Sturge","Chelsea F.C.","United Kingdom"
"Tyrell Warren","Manchester United F.C.","United Kingdom"
"Noah Ohio","Manchester United F.C.","Netherlands"
"Miro Muheim","Chelsea F.C.","Switzerland"
"Josh Benson","Arsenal F.C.","United Kingdom"
"Xavier Amaechi","Arsenal F.C.","United Kingdom"
"Mark Schwarzer","Chelsea F.C.","Australia"
"Nicklas Bendtner","Arsenal F.C.","Danish Realm"
"Fabio Borini","Chelsea F.C.","Italy"
"Willy Caballero","Chelsea F.C.","Argentina"
"Les Sealey","Manchester United F.C.","United Kingdom"
"Clem Beddow","Manchester United F.C.","United Kingdom"
"Byron Glasgow","Arsenal F.C.","United Kingdom"
"Clive Griffiths (footballer)","Manchester United F.C.","United Kingdom"
"Jake Lawlor (English footballer)","Manchester United F.C.","England"
"Jack Aston","Arsenal F.C.","United Kingdom"
"Jock Archibald","Chelsea F.C.","Scotland"
"Syd Hoar","Arsenal F.C.","United Kingdom"
"Geovane (footballer, born 1992)","Arsenal F.C.","Brazil"
"Tim Elmes","Chelsea F.C.","United Kingdom"
"George Dale (footballer)","Chelsea F.C.","United Kingdom"
"Zeki Fryers","Manchester United F.C.","United Kingdom"
"Jimmy Jackson (footballer, born 1875)","Arsenal F.C.","United Kingdom"
"Ben Sampayo","Chelsea F.C.","United Kingdom"
"Mark Bosnich","Chelsea F.C.","Australia"
"Edu (footballer, born 1978)","Arsenal F.C.","Brazil"
"Gaël Kakuta","Chelsea F.C.","France"
"Eric Bailly","Manchester United F.C.","Ivory Coast"
"Willie Young (footballer, born 1951)","Arsenal F.C.","United Kingdom"
"Jami Puustinen","Manchester United F.C.","Finland"
"Tony Bedeau","Chelsea F.C.","United Kingdom"
"Danny Francis (footballer, born 1986)","Arsenal F.C.","United Kingdom"
"Steve Arnold (footballer, born 1989)","Arsenal F.C.","United Kingdom"
"James Thomson (footballer, fl. 1912–1928)","Manchester United F.C.","Scotland"
"James Saunders (footballer)","Chelsea F.C.","United Kingdom"
"David Lyner","Manchester United F.C.","United Kingdom"
"James Robinson (footballer, born 1899)","Manchester United F.C.","United Kingdom"
"Harry Worrall","Manchester United F.C.","United Kingdom"
"Simon Lyons","Arsenal F.C.","United Kingdom"
"Francis Coquelin","Arsenal F.C.","France"
"Mikaël Silvestre","Manchester United F.C.","France"
"Kenneth Omeruo","Chelsea F.C.","Nigeria"
"Mika Biereth","Arsenal F.C.","United Kingdom"
"Alex (footballer, born June 1982)","Chelsea F.C.","Brazil"
"Armand Traoré","Arsenal F.C.","France"
"Alexander Büttner","Manchester United F.C.","Netherlands"
"Andy Dow","Chelsea F.C.","United Kingdom"
"Niccolò Galli (footballer, born 1983)","Arsenal F.C.","Italy"
"David Copeland (footballer)","Chelsea F.C.","United Kingdom"
"David Bradley (footballer)","Manchester United F.C.","United Kingdom"
"Ernie Wilkinson","Arsenal F.C.","United Kingdom"
"Joe Carolan","Manchester United F.C.","Republic of Ireland"
"Tommy Black (footballer, born 1908)","Arsenal F.C.","United Kingdom"
"Tommy Robson","Chelsea F.C.","United Kingdom"
"Tommy O'Neil","Manchester United F.C.","United Kingdom"
"Tommy Rigg","Arsenal F.C.","United Kingdom"
"Tommy McDermott (footballer, born 1878)","Chelsea F.C.","United Kingdom"
"Peter Woods (footballer)","Manchester United F.C.","United Kingdom"
"Sam Davies (footballer, born 1894)","Manchester United F.C.","United Kingdom"
"Tomás Reymão","Chelsea F.C.","Portugal"
"Jamie Taylor (footballer, born 1977)","Manchester United F.C.","United Kingdom"
"José Bosingwa","Chelsea F.C.","Democratic Republic of the Congo"
"Kurt Zouma","Chelsea F.C.","France"
"Stipe Perica","Chelsea F.C.","Croatia"
"Mohamed Elneny","Arsenal F.C.","Egypt"
"Jehad Muntasser","Arsenal F.C.","Libya"
"Alan Miller (footballer)","Arsenal F.C.","United Kingdom"
"Roddy McEachrane","Arsenal F.C.","Scotland"
"Colin Viljoen","Chelsea F.C.","South Africa"
"Bert Hill","Chelsea F.C.","United Kingdom"
"Bill Buckenham","Arsenal F.C.","United Kingdom"
"Bill Dickie (footballer)","Chelsea F.C.","United Kingdom"
"Charlie Hare","Arsenal F.C.","United Kingdom"
"Charlie Satterthwaite","Arsenal F.C.","United Kingdom"
"William McCartney (footballer)","Manchester United F.C.","Scotland"
"Charlie Harrison (footballer, born 1861)","Manchester United F.C.","United Kingdom"
"Phil Hughes (footballer)","Manchester United F.C.","United Kingdom"
"Terry Mancini","Arsenal F.C.","United Kingdom"
"George Burrell (footballer)","Arsenal F.C.","United Kingdom"
"George Perrins","Manchester United F.C.","United Kingdom"
"Paddy McGuire (footballer)","Manchester United F.C.","United Kingdom"
"Reece Brown (footballer, born 1991)","Manchester United F.C.","United Kingdom"
"Joe Spence (footballer, born 1898)","Manchester United F.C.","England"
"Dick Duckworth (footballer, born 1882)","Manchester United F.C.","United Kingdom"
"Emmanuel Sarki","Chelsea F.C.","Nigeria"
"John Halls","Arsenal F.C.","United Kingdom"
"Peter Marinello","Arsenal F.C.","United Kingdom"
"Mark Stein (footballer)","Chelsea F.C.","South Africa"
"Zeke Rowe","Chelsea F.C.","United Kingdom"
"Harry Lappin","Manchester United F.C.","United Kingdom"
"Harry Wilkinson (footballer, born 1926)","Chelsea F.C.","United Kingdom"
"Harry Waller (footballer, born 1917)","Arsenal F.C.","United Kingdom"
"Harry Medhurst","Chelsea F.C.","United Kingdom"
"Bobby Howlett","Chelsea F.C.","United Kingdom"
"Peter Abbott (footballer)","Manchester United F.C.","United Kingdom"
"Ken O'Rourke","Arsenal F.C.","United Kingdom"
"Josh Harrop","Manchester United F.C.","United Kingdom"
"Ted Bowen","Arsenal F.C.","United Kingdom"
"Ben Gordon (footballer, born 1991)","Chelsea F.C.","United Kingdom"
"Nwankwo Kanu","Arsenal F.C.","Nigeria"
"Yossi Benayoun","Chelsea F.C.","Israel"
"Yossi Benayoun","Arsenal F.C.","Israel"
"Charles Booth (footballer)","Arsenal F.C.","United Kingdom"
"Craig McKernon","Arsenal F.C.","United Kingdom"
"Jim Leighton","Arsenal F.C.","Scotland"
"Lee Dixon","Arsenal F.C.","United Kingdom"
"Frank Simek","Arsenal F.C.","United States"
"Boy-Boy Mosia","Chelsea F.C.","South Africa"
"Roarie Deacon","Arsenal F.C.","United Kingdom"
"Ernie Thompson (footballer, born 1909)","Manchester United F.C.","United Kingdom"
"Mark Heeley","Arsenal F.C.","United Kingdom"
"Ben Marden","Arsenal F.C.","United Kingdom"
"Peter Corthine","Chelsea F.C.","United Kingdom"
"Arthur Gómez","Manchester United F.C.","The Gambia"
"Reg Allen","Manchester United F.C.","United Kingdom"
"Luigi Gaspar","Arsenal F.C.","United Kingdom"
"Nacer Barazite","Arsenal F.C.","Netherlands"
"Danny Simpson","Manchester United F.C.","United Kingdom"
"Sammy Nelson","Arsenal F.C.","United Kingdom"
"Enoch West","Manchester United F.C.","United Kingdom"
"Richard Olise","Chelsea F.C.","United Kingdom"
"Tommy Bamford","Manchester United F.C.","United Kingdom"
"Charlie Colkett","Chelsea F.C.","United Kingdom"
"Herbert Broomfield","Manchester United F.C.","United Kingdom"
"Peggy Lokando","Arsenal F.C.","United Kingdom"
"Peter O'Sullivan (Welsh footballer)","Manchester United F.C.","United Kingdom"
"Domingos Quina","Chelsea F.C.","Guinea-Bissau"
"Kristopher Da Graca","Arsenal F.C.","Sweden"
"George Davie (footballer)","Arsenal F.C.","Scotland"
"George Payne (footballer, born 1887)","Arsenal F.C.","United Kingdom"
"Kevin Wright (footballer, born 1995)","Chelsea F.C.","United Kingdom"
"Tom Pirie","Manchester United F.C.","United Kingdom"
"Francis O'Hara","Chelsea F.C.","Scotland"
"Junichi Inamoto","Arsenal F.C.","Japan"
"Håvard Nordtveit","Arsenal F.C.","Norway"
"Asier del Horno","Chelsea F.C.","Spain"
"Ryō Miyaichi","Arsenal F.C.","Japan"
"Stuart Taylor (footballer, born 1980)","Arsenal F.C.","United Kingdom"
"Joao Rodríguez (footballer)","Chelsea F.C.","Colombia"
"Hakim Ziyech","Chelsea F.C.","Netherlands"
"Paul McGrath (footballer)","Manchester United F.C.","United Kingdom"
"Alf Baker","Arsenal F.C.","United Kingdom"
"Spencer Bassett","Arsenal F.C.","United Kingdom"
"Nicky Ajose","Manchester United F.C.","United Kingdom"
"Connor Stanley (footballer)","Manchester United F.C.","United Kingdom"
"Billy Wrigglesworth","Manchester United F.C.","United Kingdom"
"Bryce Fulton","Manchester United F.C.","Scotland"
"Gary Walsh","Manchester United F.C.","United Kingdom"
"Mark Beeney","Chelsea F.C.","England"
"Fraser Digby","Manchester United F.C.","United Kingdom"
"Alan Gowling","Manchester United F.C.","United Kingdom"
"Peter Fletcher (footballer)","Manchester United F.C.","United Kingdom"
"Roger Joseph","Chelsea F.C.","United Kingdom"
"George Clegg","Manchester United F.C.","United Kingdom"
"Kahlia Hogg","Chelsea F.C.","Australia"
"Joe Dolan (footballer)","Chelsea F.C.","United Kingdom"
"Lee Doherty","Arsenal F.C.","United Kingdom"
"Peter Clark (footballer, born 1979)","Arsenal F.C.","United Kingdom"
"James Dunne (footballer, born 1989)","Arsenal F.C.","United Kingdom"
"Michael Potts (footballer)","Manchester United F.C.","United Kingdom"
"Abu Ogogo","Arsenal F.C.","United Kingdom"
"Frederick Groves (footballer, born 1891)","Arsenal F.C.","England"
"Roger Stanislaus","Arsenal F.C.","United Kingdom"
"Ronnie Briggs","Manchester United F.C.","United Kingdom"
"Roy John (footballer)","Manchester United F.C.","United Kingdom"
"Russell Kelly (footballer)","Chelsea F.C.","United Kingdom"
"William Campbell (footballer)","Manchester United F.C.","Scotland"
"William Gibson (footballer, born 1926)","Arsenal F.C.","United Kingdom"
"Kingsley Whiffen","Chelsea F.C.","United Kingdom"
"Karlo Žiger","Chelsea F.C.","Croatia"
"Jimmy Ashcroft","Arsenal F.C.","United Kingdom"
"Jimmy Rimmer","Arsenal F.C.","United Kingdom"
"Johnny Berry","Manchester United F.C.","United Kingdom"
"James Vance (footballer)","Manchester United F.C.","United Kingdom"
"Sandy Turnbull","Manchester United F.C.","United Kingdom"
"Bert Cartman","Manchester United F.C.","United Kingdom"
"Alec Ormiston","Chelsea F.C.","United Kingdom"
"Leslie Odell","Chelsea F.C.","United Kingdom"
"Jimmy Smith (footballer, born 1930)","Chelsea F.C.","United Kingdom"
"Joe Norton (footballer)","Manchester United F.C.","United Kingdom"
"Thiago Silva","Chelsea F.C.","Brazil"
"Kalidou Koulibaly","Chelsea F.C.","France"
"Harry Wood (footballer, born 2002)","Manchester United F.C.","United Kingdom"
"Keith Fahey","Arsenal F.C.","Republic of Ireland"
"Michael Tonge","Manchester United F.C.","United Kingdom"
"Tony Cascarino","Chelsea F.C.","United Kingdom"
"Richard Wilson (footballer, born 1960)","Chelsea F.C.","England"
"Peter Turner (Scottish footballer)","Arsenal F.C.","United Kingdom"
"Charlie Wakefield (footballer, born 1998)","Chelsea F.C.","United Kingdom"
"Gary Donnellan","Chelsea F.C.","United Kingdom"
"Isaac Owens","Arsenal F.C.","United Kingdom"
"Leo Donnellan","Chelsea F.C.","United Kingdom"
"Millen Baars","Manchester United F.C.","Netherlands"
"Jack Fitchett","Manchester United F.C.","United Kingdom"
"James Garvey (footballer)","Manchester United F.C.","United Kingdom"
"Jeffrey Monakana","Arsenal F.C.","United Kingdom"
"Wally Bellett","Arsenal F.C.","United Kingdom"
"Stan Cubberley","Manchester United F.C.","United Kingdom"
"Olivier Giroud","Chelsea F.C.","France"
"Mathieu Debuchy","Arsenal F.C.","France"
"Jack Picken","Manchester United F.C.","United Kingdom"
"Paul Read (footballer)","Arsenal F.C.","United Kingdom"
"Kevin Dennis","Arsenal F.C.","United Kingdom"
"Gavin McGowan","Arsenal F.C.","United Kingdom"
"Jimmy Ferris","Chelsea F.C.","United Kingdom"
"Jack Allister (Scottish footballer)","Chelsea F.C.","United Kingdom"
"Sidney Crawford (footballer)","Arsenal F.C.","United Kingdom"
"Antonio Rüdiger","Chelsea F.C.","Germany"
"David Raya","Arsenal F.C.","Spain"
"Christian Nørgaard","Arsenal F.C.","Danish Realm"
"Brooke Norton-Cuffy","Chelsea F.C.","United Kingdom"
"Caleb Wiley","Chelsea F.C.","United States"
"Karl Hein (footballer)","Arsenal F.C.","Estonia"
"Jack Porter (footballer)","Arsenal F.C.","United Kingdom"
"Jamie Gittens","Chelsea F.C.","United Kingdom"
"Marc Cucurella","Chelsea F.C.","Spain"
"Josh Acheampong","Chelsea F.C.","United Kingdom"
"Marcos Alonso (footballer, born 1990)","Chelsea F.C.","Spain"
"Nemanja Matić","Manchester United F.C.","Serbia"
"Mykhailo Mudryk","Chelsea F.C.","Ukraine"
"Nathan Baxter (footballer)","Chelsea F.C.","United Kingdom"
"William Saliba","Arsenal F.C.","France"
"Wojciech Szczęsny","Arsenal F.C.","Poland"
"Ruben Loftus-Cheek","Chelsea F.C.","United Kingdom"
"Ben Chilwell","Chelsea F.C.","United Kingdom"
"Mathis Amougou","Chelsea F.C.","France"
"Josh Rees","Arsenal F.C.","United Kingdom"
"Wellington Silva (footballer, born 1993)","Arsenal F.C.","Brazil"
"Willie Carrick","Manchester United F.C.","Republic of Ireland"
"Steve Thorne","Arsenal F.C.","United Kingdom"
"Khayon Edwards","Arsenal F.C.","United Kingdom"
"Patricio Salas (footballer, born 2004)","Chelsea F.C.","Mexico"
"Mart Poom","Arsenal F.C.","Estonia"
"Liam Bridcutt","Chelsea F.C.","United Kingdom"
"Jon Harley","Chelsea F.C.","United Kingdom"
"Alex Iwobi","Arsenal F.C.","Nigeria"
"Armando Broja","Chelsea F.C.","United Kingdom"
"Alexis Sánchez","Manchester United F.C.","Chile"
"Cesc Fàbregas","Arsenal F.C.","Spain"
"Cesc Fàbregas","Chelsea F.C.","Spain"
"Brandon Williams (footballer)","Manchester United F.C.","United Kingdom"
"Bashir Humphreys","Chelsea F.C.","United Kingdom"
"Ethan Ross (footballer, born 1997)","Arsenal F.C.","England"
"Elijah Dixon-Bonner","Arsenal F.C.","United Kingdom"
"Gerard Piqué","Manchester United F.C.","Spain"
"Isaac Hayden","Arsenal F.C.","United Kingdom"
"Harvey Vale","Chelsea F.C.","United Kingdom"
"James Vennings","Arsenal F.C.","United Kingdom"
"Joe Willock","Arsenal F.C.","United Kingdom"
"Jacob Butterfield","Manchester United F.C.","United Kingdom"
"Kelechi Nwakali","Arsenal F.C.","Nigeria"
"Mason Burstow","Chelsea F.C.","United Kingdom"
"Luke McCormick (footballer, born 1999)","Chelsea F.C.","United Kingdom"
"Marcus McGuane","Arsenal F.C.","United Kingdom"
"Mame Biram Diouf","Manchester United F.C.","Senegal"
"Max Thompson (footballer, born 2002)","Manchester United F.C.","United Kingdom"
"Manuel Ugarte (footballer)","Manchester United F.C.","Uruguay"
"Nathaniel Chalobah","Chelsea F.C.","Sierra Leone"
"Silko Thomas","Chelsea F.C.","United Kingdom"
"Bryan Fiabema","Chelsea F.C.","Norway"
"Theo Walcott","Arsenal F.C.","United Kingdom"
"Nathan Aké","Chelsea F.C.","Netherlands"
"Kenny Morgans","Manchester United F.C.","United Kingdom"
"Nick Powell","Manchester United F.C.","United Kingdom"
"Ander Herrera","Manchester United F.C.","Spain"
"Nathan Tella","Arsenal F.C.","United Kingdom"
"Bob Wilson (footballer, born 1941)","Arsenal F.C.","United Kingdom"
"Phil Younghusband","Chelsea F.C.","United Kingdom"
"Sid Pugh","Chelsea F.C.","United Kingdom"
"Sid Pugh","Arsenal F.C.","United Kingdom"
"Derek Saunders","Chelsea F.C.","United Kingdom"
"Gilbert Godsmark","Manchester United F.C.","United Kingdom"
"Mike Pinner","Arsenal F.C.","United Kingdom"
"Ralph Gaudie","Arsenal F.C.","United Kingdom"
"Reg Tricker","Arsenal F.C.","Pakistan"
"John Browning (footballer, born 1888)","Chelsea F.C.","Scotland"
"John Clarkin","Manchester United F.C.","United Kingdom"
"Stan Crowther (footballer)","Chelsea F.C.","United Kingdom"
"Johnny Meadows (English footballer)","Chelsea F.C.","England"
"Ronald Brebner","Chelsea F.C.","United Kingdom"
"Emmanuel Petit","Arsenal F.C.","France"
"Ryan Bertrand","Chelsea F.C.","United Kingdom"
"Michael Woods (footballer)","Chelsea F.C.","United Kingdom"
"Jacob Mellis","Chelsea F.C.","United Kingdom"
"Marouane Fellaini","Manchester United F.C.","Belgium"
"Raimond van der Gouw","Manchester United F.C.","Netherlands"
"Mel Charles","Arsenal F.C.","United Kingdom"
"Dale Jasper","Chelsea F.C.","United Kingdom"
"James Watson (footballer, born 1879)","Chelsea F.C.","Scotland"
"Proctor Hall","Manchester United F.C.","United Kingdom"
"James Robertson (footballer, born 1929)","Arsenal F.C.","United Kingdom"
"Michy Batshuayi","Chelsea F.C.","Belgium"
"Pierre-Emerick Aubameyang","Arsenal F.C.","France"
"Pascal Cygan","Arsenal F.C.","France"
"Darron Gibson","Manchester United F.C.","Northern Ireland"
"Regan Charles-Cook","Arsenal F.C.","United Kingdom"
"Rhys Taylor","Manchester United F.C.","United Kingdom"
"Jay Bothroyd","Arsenal F.C.","United Kingdom"
"John Thorrington","Manchester United F.C.","South Africa"
"Geoff Thomas (footballer, born 1948)","Manchester United F.C.","United Kingdom"
"Antonio Murray","Chelsea F.C.","United Kingdom"
"Danny Rose (footballer, born 1988)","Manchester United F.C.","United Kingdom"
"Danny Ferguson","Manchester United F.C.","United Kingdom"
"David Bain (Scottish footballer)","Manchester United F.C.","United Kingdom"
"Albert Kinsey","Manchester United F.C.","United Kingdom"
"Lee Francis (footballer)","Arsenal F.C.","United Kingdom"
"Alex Caie","Arsenal F.C.","United Kingdom"
"Hugh Dolby","Chelsea F.C.","India"
"David Jackson (footballer, born 1958)","Manchester United F.C.","England"
"Norman Sidey","Arsenal F.C.","United Kingdom"
"Bob Gordon (footballer)","Arsenal F.C.","United Kingdom"
"Tommy Ritchie","Manchester United F.C.","Northern Ireland"
"Colin Stockton","Chelsea F.C.","United Kingdom"
"Gary Hulmes","Manchester United F.C.","United Kingdom"
"Lycurgus Burrows","Arsenal F.C.","United Kingdom"
"Wes Brown","Manchester United F.C.","England"
"Sebastian Larsson","Arsenal F.C.","Sweden"
"Aaron Ramsey","Arsenal F.C.","United Kingdom"
"Fabio (footballer, born 1990)","Manchester United F.C.","Brazil"
"Geremi","Chelsea F.C.","Cameroon"
"Joel Ideho","Arsenal F.C.","Netherlands"
"Patrick van Aanholt","Chelsea F.C.","Netherlands"
"Luke Hendrie","Manchester United F.C.","United Kingdom"
"Paul Vaessen","Arsenal F.C.","United Kingdom"
"John Aston Sr.","Manchester United F.C.","United Kingdom"
"Alf Kirchen","Arsenal F.C.","United Kingdom"
"Bethell Robinson","Manchester United F.C.","United Kingdom"
"Bill Bainbridge","Manchester United F.C.","United Kingdom"
"Bill Fielding","Manchester United F.C.","United Kingdom"
"Charlie Craven","Manchester United F.C.","United Kingdom"
"John Snedden","Arsenal F.C.","Scotland"
"Scott McGarvey","Manchester United F.C.","United Kingdom"
"Matt Barrass (footballer, born 1980)","Manchester United F.C.","United Kingdom"
"Laurent Charvet","Chelsea F.C.","France"
"Gerrit Keizer","Arsenal F.C.","Netherlands"
"Carlo Sartori","Manchester United F.C.","Italy"
"Danny Hollands","Chelsea F.C.","United Kingdom"
"Jay Richardson (footballer)","Chelsea F.C.","United Kingdom"
"Owen Jones (footballer)","Manchester United F.C.","United Kingdom"
"Konstantinos Balogiannis","Arsenal F.C.","Greece"
"Jeffrey Bruma","Chelsea F.C.","Netherlands"
"Henry Lawrence (footballer)","Chelsea F.C.","United Kingdom"
"Malang Sarr","Chelsea F.C.","France"
"Marcel Desailly","Chelsea F.C.","Ghana"
"Shaun Wright-Phillips","Chelsea F.C.","United Kingdom"
"Matthew Upson","Arsenal F.C.","United Kingdom"
"Frank Fidler","Manchester United F.C.","United Kingdom"
"Noel O'Brien (English footballer)","Arsenal F.C.","United Kingdom"
"D'Mani Mellor","Manchester United F.C.","United Kingdom"
"Jack Eggett","Arsenal F.C.","United Kingdom"
"Morris Bates","Arsenal F.C.","United Kingdom"
"Len Julians","Arsenal F.C.","United Kingdom"
"Gabriel Obertan","Manchester United F.C.","France"
"John Hartson","Arsenal F.C.","United Kingdom"
"Massimo Taibi","Manchester United F.C.","Italy"
"Roger Byrne","Manchester United F.C.","United Kingdom"
"David Neave","Arsenal F.C.","United Kingdom"
"David Pryde (footballer)","Arsenal F.C.","United Kingdom"
"Eric Parsons","Chelsea F.C.","United Kingdom"
"Ernest Williams (footballer)","Chelsea F.C.","United Kingdom"
"Teddy Bateup","Arsenal F.C.","United Kingdom"
"Paul Smith (footballer, born 1967)","Arsenal F.C.","United Kingdom"
"Luke Steele (footballer)","Manchester United F.C.","United Kingdom"
"Lauren (Cameroonian footballer)","Arsenal F.C.","Cameroon"
"Patrick Bamford","Chelsea F.C.","United Kingdom"
"George Anderson (footballer, born 1891)","Manchester United F.C.","United Kingdom"
"Neil Sullivan","Chelsea F.C.","United Kingdom"
"Tommy Leigh (footballer, born 1875)","Manchester United F.C.","United Kingdom"
"Alexei Rojas","Arsenal F.C.","United Kingdom"
"Cam'ron Ismail","Arsenal F.C.","United Kingdom"
"Graham Wilkins","Chelsea F.C.","United Kingdom"
"Henry Small (footballer)","Manchester United F.C.","United Kingdom"
"Norrie Fairgray","Chelsea F.C.","United Kingdom"
"Peter Pickering","Chelsea F.C.","United Kingdom"
"Glen Johnson (footballer, born 1952)","Arsenal F.C.","United Kingdom"
"Frazer Shaw","Arsenal F.C.","United Kingdom"
"Tommy Spicer (footballer)","Arsenal F.C.","United Kingdom"
"Arthur Rosbotham","Arsenal F.C.","United Kingdom"
"Ian Wright","Arsenal F.C.","United Kingdom"
"David Bentley","Arsenal F.C.","United Kingdom"
"Quincy Owusu-Abeyie","Arsenal F.C.","Netherlands"
"Kieran O'Hara","Manchester United F.C.","United Kingdom"
"Alex Stepney","Chelsea F.C.","United Kingdom"
"Zane Monlouis","Arsenal F.C.","United Kingdom"
"Billy Bannister","Arsenal F.C.","England"
"Billy Draycott","Manchester United F.C.","England"
"Billy Brawn","Chelsea F.C.","United Kingdom"
"Bob McNeil (footballer)","Chelsea F.C.","United Kingdom"
"Brian Walsh (English footballer)","Arsenal F.C.","United Kingdom"
"Graham Moore (footballer)","Chelsea F.C.","United Kingdom"
"Joey Williams","Arsenal F.C.","United Kingdom"
"Keith Dublin","Chelsea F.C.","United Kingdom"
"Kevin McKinlay","Chelsea F.C.","Scotland"
"Kevin Pilkington","Manchester United F.C.","United Kingdom"
"Matt Wicks","Arsenal F.C.","United Kingdom"
"Philip Mulryne","Manchester United F.C.","United Kingdom"
"Roy Goulden","Arsenal F.C.","United Kingdom"
"Bert Humpish","Arsenal F.C.","United Kingdom"
"David Ijaha","Chelsea F.C.","United Kingdom"
"Matthew Williams (footballer)","Manchester United F.C.","United Kingdom"
"Billy Spittle","Arsenal F.C.","England"
"Fankaty Dabo","Chelsea F.C.","United Kingdom"
"Alan Livingstone","Chelsea F.C.","Scotland"
"Charlie Gilmour (footballer, born 1999)","Arsenal F.C.","United Kingdom"
"James Olayinka","Arsenal F.C.","United Kingdom"
"Jack Henry-Francis","Arsenal F.C.","United Kingdom"
"Frank Haydock","Manchester United F.C.","United Kingdom"
"Fred Davis (footballer, born 1871)","Arsenal F.C.","United Kingdom"
"Phil Driver","Chelsea F.C.","United Kingdom"
"Philip Priest","Chelsea F.C.","United Kingdom"
"Ron Tilsed","Arsenal F.C.","England"
"Rob Howard (footballer)","Arsenal F.C.","United Kingdom"
"Jack Lee (footballer, born 1890)","Chelsea F.C.","United Kingdom"
"Jack Whitley","Chelsea F.C.","England"
"Jack Southam","Arsenal F.C.","United Kingdom"
"Jackie Mooney","Manchester United F.C.","Republic of Ireland"
"Jimmy Clare","Chelsea F.C.","United Kingdom"
"Jimmy Paterson","Arsenal F.C.","United Kingdom"
"Walter Toomer","Chelsea F.C.","United Kingdom"
"Arinse Uade","Arsenal F.C.","United Kingdom"
"Paddy McNair","Manchester United F.C.","Northern Ireland"
"Anthony Stokes","Arsenal F.C.","Republic of Ireland"
"Patrice Evra","Manchester United F.C.","Senegal"
"Ignasi Miquel","Arsenal F.C.","Spain"
"Liam O'Brien (footballer, born 1964)","Manchester United F.C.","Republic of Ireland"
"Andy Comyn","Manchester United F.C.","England"
"Kyle Nix","Manchester United F.C.","Australia"
"Michael Black (footballer)","Arsenal F.C.","United Kingdom"
"Alan Skirton","Arsenal F.C.","United Kingdom"
"Alan Mayes","Chelsea F.C.","United Kingdom"
"Richard Flash","Manchester United F.C.","United Kingdom"
"James Moore (footballer, born 1987)","Manchester United F.C.","United Kingdom"
"Robert Evans (English footballer)","Arsenal F.C.","United Kingdom"
"Ato Ampah","Chelsea F.C.","Ghana"
"Bukayo Saka","Arsenal F.C.","United Kingdom"
"Christopher Nkunku","Chelsea F.C.","France"
"Axel Disasi","Chelsea F.C.","France"
"Gabriel Magalhães","Arsenal F.C.","Brazil"
"Jimi Tauriainen","Chelsea F.C.","Finland"
"Ishé Samuels-Smith","Chelsea F.C.","United Kingdom"
"Raheem Sterling","Arsenal F.C.","Jamaica"
"Matt Turner (soccer)","Arsenal F.C.","United States"
"Reece James","Chelsea F.C.","United Kingdom"
"Roméo Lavia","Chelsea F.C.","Belgium"
"Tommy Setford","Arsenal F.C.","Netherlands"
"Viktor Gyökeres","Arsenal F.C.","Sweden"
"Shim Mheuka","Chelsea F.C.","United Kingdom"
"Romelu Lukaku","Manchester United F.C.","Belgium"
"Trevoh Chalobah","Chelsea F.C.","Sierra Leone"
"Tosin Adarabioyo","Chelsea F.C.","United Kingdom"
"Alexandre Pato","Chelsea F.C.","Brazil"
"Ashley Cole","Arsenal F.C.","United Kingdom"
"Michael Owen","Manchester United F.C.","United Kingdom"
"Conor Henderson","Arsenal F.C.","England"
"Elton Monteiro","Arsenal F.C.","Switzerland"
"Sead Hajrović","Arsenal F.C.","Switzerland"
"Gilles Sunu","Arsenal F.C.","France"
"Christos Sielis","Arsenal F.C.","Cyprus"
"Billy Bryant","Manchester United F.C.","United Kingdom"
"Willie Huck","Arsenal F.C.","France"
"William Sarvis","Manchester United F.C.","United Kingdom"
"Danny McLaren","Arsenal F.C.","Scotland"
"Robbie Johnson","Arsenal F.C.","United Kingdom"
"Ben Foster (footballer)","Manchester United F.C.","United Kingdom"
"Torreira","Arsenal F.C.","Uruguay"
"Alfie Gilchrist","Chelsea F.C.","United Kingdom"
"Brandon Austin","Chelsea F.C.","United Kingdom"
"Ben Sheaf","Arsenal F.C.","United Kingdom"
"Chido Obi","Manchester United F.C.","Denmark"
"Danny Welbeck","Arsenal F.C.","United Kingdom"
"Daniel Ballard","Arsenal F.C.","United Kingdom"
"Eddie Nketiah","Arsenal F.C.","United Kingdom"
"Ethan Galbraith","Manchester United F.C.","Northern Ireland"
"Diego León (footballer, born 2007)","Manchester United F.C.","Paraguay"
"Iké Ugbo","Chelsea F.C.","United Kingdom"
"Jack Butland","Manchester United F.C.","United Kingdom"
"Jay Dasilva","Chelsea F.C.","United Kingdom"
"Jadon Sancho","Chelsea F.C.","United Kingdom"
"Josh Grant (footballer)","Chelsea F.C.","United Kingdom"
"Kenedy (footballer)","Chelsea F.C.","Brazil"
"Kasey Palmer","Chelsea F.C.","United Kingdom"
"Leny Yoro","Manchester United F.C.","France"
"Đorđe Petrović (footballer)","Chelsea F.C.","Serbia"
"Tyler Fredricson","Manchester United F.C.","United Kingdom"
"Zain Westbrooke","Chelsea F.C.","United Kingdom"
"Loïc Rémy","Chelsea F.C.","France"
"Zoran Tošić","Manchester United F.C.","Serbia"
"Ángel Di María","Manchester United F.C.","Argentina"
"Louis Saha","Manchester United F.C.","France"
"Adam Eckersley","Manchester United F.C.","United Kingdom"
"Lee Chapman","Arsenal F.C.","United Kingdom"
"Lee Hills (footballer)","Arsenal F.C.","United Kingdom"
"Cliff Birkett","Manchester United F.C.","United Kingdom"
"Alex Downie (footballer)","Manchester United F.C.","United Kingdom"
"Giuliano Maiorana","Manchester United F.C.","United Kingdom"
"Mike Pinner","Chelsea F.C.","United Kingdom"
"Mike Brolly","Chelsea F.C.","United Kingdom"
"Ralph Guthrie","Arsenal F.C.","United Kingdom"
"Joe Davies (footballer, born 1864)","Manchester United F.C.","United Kingdom"
"John Chenhall","Arsenal F.C.","United Kingdom"
"John Banks (footballer)","Manchester United F.C.","United Kingdom"
"John Compton (footballer)","Chelsea F.C.","United Kingdom"
"John Dunn (footballer, born 1944)","Chelsea F.C.","United Kingdom"
"Julian Dowe","Manchester United F.C.","United Kingdom"
"Stephen Beatty","Chelsea F.C.","Northern Ireland"
"Stephen Cosgrove (footballer)","Manchester United F.C.","United Kingdom"
"Joel Nouble","Chelsea F.C.","United Kingdom"
"Andrew Swann (footballer)","Arsenal F.C.","United Kingdom"
"Eric Newman (footballer)","Arsenal F.C.","United Kingdom"
"Dave Clelland","Arsenal F.C.","United Kingdom"
"Charlie Dyke","Chelsea F.C.","United Kingdom"
"Gary Locke (English footballer)","Chelsea F.C.","United Kingdom"
"Duncan Edwards","Manchester United F.C.","United Kingdom"
"Danny Higginbotham","Manchester United F.C.","United Kingdom"
"Jan Šebek","Chelsea F.C.","Czech Republic"
"Ovie Ejaria","Arsenal F.C.","United Kingdom"
"Paul Rachubka","Manchester United F.C.","United States"
"Steve Sidwell","Arsenal F.C.","United Kingdom"
"John Cunliffe (footballer, born 1984)","Manchester United F.C.","United Kingdom"
"Bobby McFarlane","Arsenal F.C.","Scotland"
"Peter Brabrook","Chelsea F.C.","United Kingdom"
"Dessie Baker","Manchester United F.C.","Republic of Ireland"
"Keith Amos","Arsenal F.C.","United Kingdom"
"Damien Allen","Manchester United F.C.","United Kingdom"
"James Montgomery (footballer, born 1890)","Manchester United F.C.","United Kingdom"
"Seth Plum","Chelsea F.C.","United Kingdom"
"Jack Ball (footballer, born 1907)","Manchester United F.C.","United Kingdom"
"Jimmy Mulholland","Chelsea F.C.","United Kingdom"
"Mike Ryan (footballer, born 1930)","Arsenal F.C.","United Kingdom"
"Carlos Vela","Arsenal F.C.","Mexico"
"David Pegg","Manchester United F.C.","United Kingdom"
"Matthew Connolly","Arsenal F.C.","United Kingdom"
"Shinji Kagawa","Manchester United F.C.","Japan"
"Folarin Balogun","Arsenal F.C.","United States"
"Peter Osgood","Chelsea F.C.","United Kingdom"
"Denis Suárez","Arsenal F.C.","Spain"
"Gary Cahill","Chelsea F.C.","United Kingdom"
"Garth Crooks","Manchester United F.C.","United Kingdom"
"Herbie Roberts","Arsenal F.C.","United Kingdom"
"Ulises Dávila","Chelsea F.C.","Mexico"
"Arturo Lupoli","Arsenal F.C.","Italy"
"Anthony Barness","Chelsea F.C.","United Kingdom"
"Willie Anderson (footballer)","Manchester United F.C.","United Kingdom"
"Dave Donaldson (footballer, born 1954)","Arsenal F.C.","United Kingdom"
"Karl Goddard","Manchester United F.C.","United Kingdom"
"Justin Oboavwoduo","Manchester United F.C.","United Kingdom"
"Tom Connell (footballer)","Manchester United F.C.","Northern Ireland"
"Tommy Kinsella","Arsenal F.C.","Republic of Ireland"
"Tommy Meehan","Manchester United F.C.","United Kingdom"
"Hugh Wales","Chelsea F.C.","Scotland"
"Cameron Borthwick-Jackson","Manchester United F.C.","United Kingdom"
"Horace Cope","Arsenal F.C.","United Kingdom"
"Tony Hunston","Chelsea F.C.","Republic of Ireland"
"Max Haygarth","Manchester United F.C.","United Kingdom"
"Kyle Bartley","Arsenal F.C.","United Kingdom"
"Johan Djourou","Arsenal F.C.","Ivory Coast"
"Bert Murray","Chelsea F.C.","England"
"Harry Worley","Chelsea F.C.","United Kingdom"
"Charni Ekangamene","Manchester United F.C.","Belgium"
"Jimmy Glass","Chelsea F.C.","United Kingdom"
"John Doherty (English footballer)","Manchester United F.C.","United Kingdom"
"Billy Blyth","Arsenal F.C.","Scotland"
"Charlie Freeman","Chelsea F.C.","United Kingdom"
"Ralph Milne","Manchester United F.C.","United Kingdom"
"John Moody (footballer)","Manchester United F.C.","United Kingdom"
"John Smith (footballer, born 1921)","Chelsea F.C.","United Kingdom"
"Sam Kirkwood","Arsenal F.C.","United Kingdom"
"Samuel Mills (footballer)","Arsenal F.C.","United Kingdom"
"Sean Clohessy","Arsenal F.C.","United Kingdom"
"Arthur Wileman","Chelsea F.C.","England"
"Joe Fidler","Arsenal F.C.","United Kingdom"
"Colin Hampton","Chelsea F.C.","United Kingdom"
"Tommy Miller (footballer, born 1882)","Chelsea F.C.","United Kingdom"
"Harrison Sodje","Chelsea F.C.","United Kingdom"
"David Rocastle","Chelsea F.C.","United Kingdom"
"David Rocastle","Arsenal F.C.","United Kingdom"
"Charlie George","Arsenal F.C.","United Kingdom"
"David Sadler (footballer)","Manchester United F.C.","United Kingdom"
"Pål Lydersen","Arsenal F.C.","Norway"
"Arthur Potts (footballer)","Manchester United F.C.","England"
"Arthur Hooper","Manchester United F.C.","United Kingdom"
"Jean-Yves Anis","Chelsea F.C.","Ivory Coast"
"Danny Granville","Arsenal F.C.","United Kingdom"
"Stephen Broad","Chelsea F.C.","United Kingdom"
"Benny Ashley-Seal","Arsenal F.C.","United Kingdom"
"Andy Neil (footballer)","Arsenal F.C.","United Kingdom"
"Alexander Hleb","Arsenal F.C.","Belarus"
"Alf Farman","Manchester United F.C.","United Kingdom"
"Tim Howard","Manchester United F.C.","United States"
"Myles Weston","Arsenal F.C.","United Kingdom"
"Dick Holden","Manchester United F.C.","United Kingdom"
"Hubert Redwood","Manchester United F.C.","United Kingdom"
"Eric Oakton","Chelsea F.C.","United Kingdom"
"Sadiq El Fitouri","Manchester United F.C.","Libya"
"Miroslav Stoch","Chelsea F.C.","Slovakia"
"Omari Forson","Manchester United F.C.","United Kingdom"
"Dan Lewis (footballer)","Arsenal F.C.","United Kingdom"
"Eddie Clamp","Arsenal F.C.","United Kingdom"
"David Price (footballer, born 1955)","Arsenal F.C.","United Kingdom"
"David Ryan (footballer)","Manchester United F.C.","United Kingdom"
"Eric Whitington","Chelsea F.C.","United Kingdom"
"Ernie Wallington","Arsenal F.C.","United Kingdom"
"Ted Dalton","Manchester United F.C.","United Kingdom"
"James Wilson (footballer, born 1995)","Manchester United F.C.","United Kingdom"
"Danny Winter","Chelsea F.C.","United Kingdom"
"Sylvan Anderton","Chelsea F.C.","United Kingdom"
"Sydney Bathgate","Chelsea F.C.","United Kingdom"
"Mike Duxbury","Manchester United F.C.","United Kingdom"
"Christopher Atherton","Chelsea F.C.","Northern Ireland"
"Danny Drinkwater","Chelsea F.C.","United Kingdom"
"Paul Tierney (footballer)","Manchester United F.C.","United Kingdom"
"Bobby Bulch","Chelsea F.C.","United Kingdom"
"John Millar (footballer, born 1966)","Chelsea F.C.","Scotland"
"Frank Morrad","Arsenal F.C.","United Kingdom"
"William Steer","Chelsea F.C.","United Kingdom"
"Casey Walls","Chelsea F.C.","United Kingdom"
"Manucho","Manchester United F.C.","Angola"
"Emmanuel Frimpong","Arsenal F.C.","Ghana"
"Kieran Richardson","Manchester United F.C.","United Kingdom"
"Eamon Dunphy","Manchester United F.C.","Republic of Ireland"
"Sékou Koné","Manchester United F.C.","Mali"
"Leslie Compton","Arsenal F.C.","United Kingdom"
"Gabriele Biancheri","Manchester United F.C.","United Kingdom"
"Jack Peddie","Manchester United F.C.","United Kingdom"
"Billy Heath","Arsenal F.C.","United Kingdom"
"Billy Dennis (English footballer)","Manchester United F.C.","United Kingdom"
"Billy Redman","Manchester United F.C.","United Kingdom"
"Billy Richards (footballer, born 1874)","Manchester United F.C.","United Kingdom"
"Graham Stuart (footballer)","Chelsea F.C.","United Kingdom"
"Doug Farquhar","Arsenal F.C.","Scotland"
"Fred Blackman","Arsenal F.C.","United Kingdom"
"Jason Brissett","Arsenal F.C.","United Kingdom"
"Gary Micklewhite","Manchester United F.C.","United Kingdom"
"George Groves (footballer)","Arsenal F.C.","United Kingdom"
"Neil Freeman (English footballer)","Arsenal F.C.","United Kingdom"
"Wayne Goldthorpe","Arsenal F.C.","United Kingdom"
"Jo Kuffour","Arsenal F.C.","United Kingdom"
"Michael Twiss","Manchester United F.C.","United Kingdom"
"Paul Brooker","Chelsea F.C.","United Kingdom"
"Ryan Ford (footballer)","Manchester United F.C.","United Kingdom"
"Adam Haywood","Arsenal F.C.","United Kingdom"
"Adam Birchall","Arsenal F.C.","United Kingdom"
"Roy Morton","Manchester United F.C.","United Kingdom"
"Steve Jones (footballer, born 1960)","Manchester United F.C.","United Kingdom"
"Jordan Fowler","Arsenal F.C.","United Kingdom"
"Joe Walton (footballer, born 1882)","Chelsea F.C.","United Kingdom"
"Eversley Mansfield","Manchester United F.C.","United Kingdom"
"George Barber (footballer)","Chelsea F.C.","United Kingdom"
"John Sparrow (footballer)","Chelsea F.C.","United Kingdom"
"Jimmy Rimmer","Manchester United F.C.","United Kingdom"
"Sergio Reguilón","Manchester United F.C.","Spain"
"DJ Buffonge","Arsenal F.C.","United Kingdom"
"Albert Thain","Chelsea F.C.","United Kingdom"
"Peter Simpson (footballer, born 1945)","Arsenal F.C.","United Kingdom"
"Ángelo Henríquez","Manchester United F.C.","Chile"
"Fred Chaplin (footballer)","Arsenal F.C.","United Kingdom"
"Frank Gill (footballer, born 1948)","Manchester United F.C.","United Kingdom"
"Frank Williams (footballer, born 1908)","Manchester United F.C.","United Kingdom"
"Fred Jones (footballer, born 1867)","Manchester United F.C.","United Kingdom"
"Tony Whelan","Manchester United F.C.","United Kingdom"
"Jack Flanagan (footballer)","Manchester United F.C.","United Kingdom"
"Jack Howarth (footballer)","Chelsea F.C.","United Kingdom"
"Jimmy Whitehouse (footballer, born 1873)","Manchester United F.C.","United Kingdom"
"Robert Stevenson (footballer, born 1869)","Arsenal F.C.","United Kingdom"
"Walter Spratt","Chelsea F.C.","United Kingdom"
"Oğuzhan Özyakup","Arsenal F.C.","Netherlands"
"Matt Holland","Arsenal F.C.","United Kingdom"
"Jim Will","Arsenal F.C.","Scotland"
"Dean Furman","Chelsea F.C.","South Africa"
"Jimmy Aggrey","Chelsea F.C.","United Kingdom"
"Albert Young (footballer)","Arsenal F.C.","United Kingdom"
"Paul Gorman (footballer, born 1963)","Arsenal F.C.","Republic of Ireland"
"Jack Carmichael","Arsenal F.C.","United Kingdom"
"Sam Byrne (footballer)","Manchester United F.C.","Republic of Ireland"
"Ben Butler (footballer)","Arsenal F.C.","United Kingdom"
"Mukhtar Ali","Chelsea F.C.","Saudi Arabia"
"Alejandro Garnacho","Chelsea F.C.","Spain"
"David Datro Fofana","Chelsea F.C.","Ivory Coast"
"Declan Rice","Arsenal F.C.","United Kingdom"
"Filip Jörgensen","Chelsea F.C.","Sweden"
"Jorrel Hato","Chelsea F.C.","Netherlands"
"Kepa Arrizabalaga","Arsenal F.C.","Spain"
"Maldini Kacurri","Arsenal F.C.","United Kingdom"
"Kepa Arrizabalaga","Chelsea F.C.","Spain"
"James Garner (footballer, born 2001)","Manchester United F.C.","United Kingdom"
"Nuno Tavares","Arsenal F.C.","Portugal"
"Evandro Brandão","Manchester United F.C.","Angola"
"Ashley Cole","Chelsea F.C.","United Kingdom"
"Mason Greenwood","Manchester United F.C.","United Kingdom"
"David Court (footballer)","Arsenal F.C.","United Kingdom"
"Mal Donaghy","Chelsea F.C.","United Kingdom"
"Willie McDonald","Manchester United F.C.","Scotland"
"Wyn Davies","Manchester United F.C.","United Kingdom"
"Jan Novacki","Manchester United F.C.","United Kingdom"
"Bill Finlayson","Chelsea F.C.","United Kingdom"
"Malcolm Ebiowei","Chelsea F.C.","United Kingdom"
"Danny Webber","Manchester United F.C.","United Kingdom"
"Paolo Vernazza","Arsenal F.C.","United Kingdom"
"Amario Cozier-Duberry","Arsenal F.C.","United Kingdom"
"Adnan Januzaj","Manchester United F.C.","Belgium"
"Axel Tuanzebe","Manchester United F.C.","Democratic Republic of the Congo"
"Wilfried Zaha","Manchester United F.C.","Ivory Coast"
"Ashley Fletcher","Manchester United F.C.","United Kingdom"
"Glen Kamara","Arsenal F.C.","Finland"
"Ibane Bowat","Chelsea F.C.","United Kingdom"
"Harry Maguire","Manchester United F.C.","United Kingdom"
"Jorginho (footballer, born December 1991)","Arsenal F.C.","Brazil"
"Jake Clarke-Salter","Chelsea F.C.","United Kingdom"
"Jorginho (footballer, born December 1991)","Chelsea F.C.","Brazil"
"Joel Castro Pereira","Manchester United F.C.","Switzerland"
"Kayne Ramsay","Chelsea F.C.","England"
"Krystian Bielik","Arsenal F.C.","Poland"
